[
  {
    "id": "m-1",
    "name": "Margherita Pizza",
    "description": "Classic cheese and tomato",
    "price": 6.99,
    "available": true,
    "createdAt": "2025-01-01T00:00:00.000Z"
  },
  {
    "id": "m-2",
    "name": "Caesar Salad",
    "description": "Romaine, parmesan, croutons",
    "price": 4.99,
    "available": true,
    "createdAt": "2025-01-01T00:00:00.000Z"
  },
  {
    "id": "m-3",
    "name": "Grilled Chicken",
    "description": "Served with veggies",
    "price": 9.5,
    "available": true,
    "createdAt": "2025-01-01T00:00:00.000Z"
  },
  {
    "id": "a436f6e5-560c-49eb-8a89-d6bdb4452e62",
    "name": "asdfghjkl",
    "description": "",
    "price": 123,
    "available": true,
    "createdAt": "2025-10-21T08:14:40.010Z"
  }
]
