[
  {
    "id": "d2c715dc-56c0-4d59-b50b-025945f6c843",
    "tableId": "t-1",
    "items": [
      {
        "menuId": "m-1",
        "name": "Margherita Pizza",
        "price": 6.99,
        "qty": 5
      },
      {
        "menuId": "m-3",
        "name": "Grilled Chicken",
        "price": 9.5,
        "qty": 1
      },
      {
        "menuId": "a436f6e5-560c-49eb-8a89-d6bdb4452e62",
        "name": "asdfghjkl",
        "price": 123,
        "qty": 1
      }
    ],
    "status": "pending",
    "total": 167.45,
    "createdAt": "2025-10-21T08:14:55.381Z"
  },
  {
    "id": "1e3fe012-b7fa-4edb-9ff1-3ff2b375e21c",
    "tableId": "t-2",
    "items": [
      {
        "menuId": "m-2",
        "name": "Caesar Salad",
        "price": 4.99,
        "qty": 1
      }
    ],
    "status": "paid",
    "total": 4.99,
    "createdAt": "2025-10-21T08:15:14.436Z"
  }
]
